gnb_id,name,sector_id,x_m,y_m,z_m,height_m,distance_from_track_m,antenna_type,tx_power_dBm,frequency_GHz,band,azimuth_deg,mechanical_downtilt_deg,electrical_downtilt_deg,total_downtilt_deg,hpbw_horizontal_deg,hpbw_vertical_deg,antenna_gain_dBi,bandwidth_MHz,direction,a3_offset_db,hysteresis_db,ttt_ms,a2_threshold_dbm,a2_ttt_ms,a5_threshold1_dbm,a5_threshold2_dbm,a5_ttt_ms,b1_threshold_dbm,b1_ttt_ms,b1_offset_db,b2_threshold1_dbm,b2_threshold2_dbm,b2_ttt_ms,b2_offset_db,n310,n311,t310_ms,t304_ms,t311_ms,ho_optimize_target,pci,pci_v2,is_hsr_cell
1,ru_1_1,1,12418.390534025328,42292.43225637235,18.0,16.0,,2T4R LTE Sector Antenna,40.87,1.8,n3,350.21,-2.13,30.89,32.4,74.88,5.93,16.46,20,,,,,,,,,,,,,,,,,,,,,,,584,,0
1,ru_1_2,2,12418.390534025328,42292.43225637235,18.0,16.0,,2T4R LTE Sector Antenna,40.87,1.8,n3,144.18,8.86,29.8,33.35,55.77,1.56,10.8,20,,,,,,,,,,,,,,,,,,,,,,,584,,0
2,ru_2_1,1,17364.669722382805,50193.9159012064,27.0,25.0,,2T4R LTE Sector Antenna,40.52,0.9,n8,230.5,-0.54,8.64,4.37,59.16,12.19,11.85,20,,,,,,,,,,,,,,,,,,,,,,,729,,0
2,ru_2_2,2,17364.669722382805,50193.9159012064,27.0,25.0,,2T4R LTE Sector Antenna,40.52,0.9,n8,313.28,6.15,2.68,17.9,65.38,8.08,12.5,20,,,,,,,,,,,,,,,,,,,,,,,729,,0
3,ru_3_1,1,5191.206025245744,46900.82588494178,27.0,25.0,,2T4R LTE Sector Antenna,38.76,0.9,n8,13.32,17.84,24.88,44.75,71.2,1.0,21.59,20,,,,,,,,,,,,,,,,,,,,,,,479,,1
3,ru_3_2,2,5191.206025245744,46900.82588494178,27.0,25.0,,2T4R LTE Sector Antenna,38.76,0.9,n8,276.73,-1.92,38.25,33.69,56.78,3.33,9.41,20,,,,,,,,,,,,,,,,,,,,,,,479,,1
3,ru_3_3,3,5191.206025245744,46900.82588494178,27.0,25.0,,2T4R LTE Sector Antenna,38.76,0.9,n8,339.78,-1.67,38.48,34.08,62.9,1.0,21.87,20,,,,,,,,,,,,,,,,,,,,,,,479,,1
4,ru_4_1,1,5162.696559172714,46934.428650476584,27.0,25.0,,2T4R LTE Sector Antenna,39.65,2.1,n1,161.12,17.86,6.87,15.49,69.94,10.12,15.52,20,,,,,,,,,,,,,,,,,,,,,,,267,,1
4,ru_4_2,2,5162.696559172714,46934.428650476584,27.0,25.0,,2T4R LTE Sector Antenna,39.65,2.1,n1,276.78,7.69,9.56,-3.52,62.43,2.5,13.56,20,,,,,,,,,,,,,,,,,,,,,,,267,,1
4,ru_4_3,3,5162.696559172714,46934.428650476584,27.0,25.0,,2T4R LTE Sector Antenna,39.65,2.1,n1,349.81,0.54,4.9,8.41,58.78,1.0,17.05,20,,,,,,,,,,,,,,,,,,,,,,,267,,1
5,ru_5_1,1,7137.942772137365,33252.9909406881,18.0,16.0,,2T4R LTE Sector Antenna,39.65,2.1,n1,162.83,11.95,5.29,3.27,58.91,1.0,15.35,20,,,,,,,,,,,,,,,,,,,,,,,791,,1
5,ru_5_2,2,7137.942772137365,33252.9909406881,18.0,16.0,,2T4R LTE Sector Antenna,39.65,2.1,n1,268.96,11.61,5.25,7.8,63.2,8.63,12.15,20,,,,,,,,,,,,,,,,,,,,,,,791,,1
5,ru_5_3,3,7137.942772137365,33252.9909406881,18.0,16.0,,2T4R LTE Sector Antenna,39.65,2.1,n1,347.85,4.72,-0.39,-2.73,64.59,1.0,17.05,20,,,,,,,,,,,,,,,,,,,,,,,791,,1
6,ru_6_1,1,8647.62143391982,45612.466800808776,4.0,2.0,,2T4R LTE Sector Antenna,39.65,2.1,n1,81.6,10.44,-0.87,11.37,72.24,13.98,7.04,20,,,,,,,,,,,,,,,,,,,,,,,809,,0
6,ru_6_2,2,8647.62143391982,45612.466800808776,4.0,2.0,,2T4R LTE Sector Antenna,39.65,2.1,n1,185.11,3.46,-5.2,5.53,67.85,1.0,11.04,20,,,,,,,,,,,,,,,,,,,,,,,809,,0
6,ru_6_3,3,8647.62143391982,45612.466800808776,4.0,2.0,,2T4R LTE Sector Antenna,39.65,2.1,n1,268.68,-0.99,2.9,10.37,68.81,9.13,15.32,20,,,,,,,,,,,,,,,,,,,,,,,809,,0
7,ru_7_1,1,15131.57484690173,43751.9807489437,4.0,2.0,,2T4R LTE Sector Antenna,38.76,0.9,n8,359.39,11.89,25.79,30.8,74.66,5.89,12.27,20,,,,,,,,,,,,,,,,,,,,,,,693,,0
7,ru_7_2,2,15131.57484690173,43751.9807489437,4.0,2.0,,2T4R LTE Sector Antenna,38.76,0.9,n8,93.01,5.9,25.16,39.23,63.24,5.86,20.48,20,,,,,,,,,,,,,,,,,,,,,,,693,,0
7,ru_7_3,3,15131.57484690173,43751.9807489437,4.0,2.0,,2T4R LTE Sector Antenna,38.76,0.9,n8,263.62,13.27,31.72,40.45,63.07,1.0,9.13,20,,,,,,,,,,,,,,,,,,,,,,,693,,0
8,ru_8_1,1,15925.96312340685,21312.920423495518,18.0,16.0,,2T4R LTE Sector Antenna,40.87,1.8,n3,8.14,9.72,28.2,27.29,73.47,13.06,26.9,20,,,,,,,,,,,,,,,,,,,,,,,621,,0
8,ru_8_2,2,15925.96312340685,21312.920423495518,18.0,16.0,,2T4R LTE Sector Antenna,40.87,1.8,n3,60.89,-6.64,24.38,25.79,59.92,14.86,23.19,20,,,,,,,,,,,,,,,,,,,,,,,621,,0
9,ru_9_1,1,3350.994175076636,41184.65434558319,18.0,16.0,,2T4R LTE Sector Antenna,38.76,0.9,n8,354.66,11.91,6.32,3.77,69.6,1.0,23.35,20,,,,,,,,,,,,,,,,,,,,,,,979,,0
9,ru_9_2,2,3350.994175076636,41184.65434558319,18.0,16.0,,2T4R LTE Sector Antenna,38.76,0.9,n8,85.84,4.63,7.21,6.88,70.09,1.0,20.76,20,,,,,,,,,,,,,,,,,,,,,,,979,,0
9,ru_9_3,3,3350.994175076636,41184.65434558319,18.0,16.0,,2T4R LTE Sector Antenna,38.76,0.9,n8,179.8,17.48,-6.65,1.94,56.96,15.08,6.84,20,,,,,,,,,,,,,,,,,,,,,,,979,,0
10,ru_10_1,1,17941.041779509243,21565.710329763806,27.0,25.0,,4T4R LTE Sector Antenna,48.81,1.8,n3,271.73,25.07,20.15,68.95,64.36,7.99,11.53,45,,,,,,,,,,,,,,,,,,,,,,,641,,0
11,ru_11_1,1,14563.893380003154,44468.41634219764,5.0,3.0,,2T4R LTE Sector Antenna,39.68,0.9,n8,359.87,11.22,26.72,37.1,59.01,1.0,7.4,20,,,,,,,,,,,,,,,,,,,,,,,930,,0
11,ru_11_2,2,14563.893380003154,44468.41634219764,5.0,3.0,,2T4R LTE Sector Antenna,39.68,0.9,n8,191.68,10.07,35.95,45.18,58.71,1.06,20.36,20,,,,,,,,,,,,,,,,,,,,,,,930,,0
11,ru_11_3,3,14563.893380003154,44468.41634219764,5.0,3.0,,2T4R LTE Sector Antenna,39.68,0.9,n8,284.87,6.92,36.78,48.49,64.28,10.2,15.68,20,,,,,,,,,,,,,,,,,,,,,,,930,,0
12,ru_12_1,1,11172.99889969836,53516.297380341224,4.0,2.0,,2T4R LTE Sector Antenna,39.68,0.9,n8,66.87,13.55,22.77,31.61,60.79,11.5,9.27,20,,,,,,,,,,,,,,,,,,,,,,,207,,0
12,ru_12_2,2,11172.99889969836,53516.297380341224,4.0,2.0,,2T4R LTE Sector Antenna,39.68,0.9,n8,182.75,14.52,35.49,43.03,70.92,8.99,22.59,20,,,,,,,,,,,,,,,,,,,,,,,207,,0
12,ru_12_3,3,11172.99889969836,53516.297380341224,4.0,2.0,,2T4R LTE Sector Antenna,39.68,0.9,n8,302.98,11.34,22.31,47.43,73.15,16.06,6.3,20,,,,,,,,,,,,,,,,,,,,,,,207,,0
13,ru_13_1,1,14438.66195647012,22216.1473365515,27.0,25.0,,2T4R LTE Sector Antenna,39.11,1.8,n3,83.4,8.17,0.8,8.68,71.05,6.88,15.28,20,,,,,,,,,,,,,,,,,,,,,,,483,,1
13,ru_13_2,2,14438.66195647012,22216.1473365515,27.0,25.0,,2T4R LTE Sector Antenna,39.11,1.8,n3,165.26,12.67,12.97,4.58,60.32,3.01,18.42,20,,,,,,,,,,,,,,,,,,,,,,,483,,1
13,ru_13_3,3,14438.66195647012,22216.1473365515,27.0,25.0,,2T4R LTE Sector Antenna,39.11,1.8,n3,321.16,1.39,-3.15,4.62,60.48,6.54,5.18,20,,,,,,,,,,,,,,,,,,,,,,,483,,1
14,ru_14_1,1,13006.96366968337,24022.831010739195,18.0,16.0,,2T4R LTE Sector Antenna,40.87,1.8,n3,287.33,4.29,23.08,24.72,60.09,4.19,15.96,20,,,,,,,,,,,,,,,,,,,,,,,184,,1
14,ru_14_2,2,13006.96366968337,24022.831010739195,18.0,16.0,,2T4R LTE Sector Antenna,40.87,1.8,n3,170.79,-5.75,28.46,34.69,57.7,1.49,20.32,20,,,,,,,,,,,,,,,,,,,,,,,184,,1
15,ru_15_1,1,14723.859413942017,49974.9740891506,5.0,3.0,,2T4R LTE Sector Antenna,39.68,0.9,n8,56.77,15.92,32.39,49.87,73.88,1.0,5.35,20,,,,,,,,,,,,,,,,,,,,,,,856,,0
15,ru_15_2,2,14723.859413942017,49974.9740891506,5.0,3.0,,2T4R LTE Sector Antenna,39.68,0.9,n8,186.89,10.4,38.66,49.17,63.04,4.04,14.24,20,,,,,,,,,,,,,,,,,,,,,,,856,,0
15,ru_15_3,3,14723.859413942017,49974.9740891506,5.0,3.0,,2T4R LTE Sector Antenna,39.68,0.9,n8,299.65,8.16,39.62,30.81,59.49,11.23,9.17,20,,,,,,,,,,,,,,,,,,,,,,,856,,0
16,ru_16_1,1,11553.867353748952,55139.254866177485,5.0,3.0,,2T4R LTE Sector Antenna,44.74,1.8,n3,275.37,21.88,21.39,64.12,106.93,60.37,10.26,30,,,,,,,,,,,,,,,,,,,,,,,884,,0
17,ru_17_1,1,20287.253516979385,21587.473924252743,27.0,25.0,,2T4R LTE Sector Antenna,39.65,2.1,n1,97.04,13.79,-4.24,5.04,62.98,5.78,6.37,20,,,,,,,,,,,,,,,,,,,,,,,207,,0
17,ru_17_2,2,20287.253516979385,21587.473924252743,27.0,25.0,,2T4R LTE Sector Antenna,39.65,2.1,n1,190.1,3.9,8.81,17.06,55.7,9.88,22.74,20,,,,,,,,,,,,,,,,,,,,,,,207,,0
17,ru_17_3,3,20287.253516979385,21587.473924252743,27.0,25.0,,2T4R LTE Sector Antenna,39.65,2.1,n1,338.19,9.65,-1.59,-0.1,58.24,9.21,21.89,20,,,,,,,,,,,,,,,,,,,,,,,207,,0
18,ru_18_1,1,6430.24449202339,51546.793099761686,27.0,25.0,,2T4R LTE Sector Antenna,39.11,1.8,n3,61.74,-1.01,13.7,20.72,67.79,12.53,7.22,20,,,,,,,,,,,,,,,,,,,,,,,274,,0
18,ru_18_2,2,6430.24449202339,51546.793099761686,27.0,25.0,,2T4R LTE Sector Antenna,39.11,1.8,n3,187.01,15.23,9.27,18.75,70.66,13.21,9.97,20,,,,,,,,,,,,,,,,,,,,,,,274,,0
18,ru_18_3,3,6430.24449202339,51546.793099761686,27.0,25.0,,2T4R LTE Sector Antenna,39.11,1.8,n3,296.81,-0.43,-1.76,4.35,59.22,11.23,15.25,20,,,,,,,,,,,,,,,,,,,,,,,274,,0
19,ru_19_1,1,20668.686929887797,60714.396125551626,7.0,5.0,,2T4R LTE Sector Antenna,39.68,0.9,n8,284.98,-4.01,13.65,0.2,73.35,1.0,18.36,20,,,,,,,,,,,,,,,,,,,,,,,144,,0
19,ru_19_2,2,20668.686929887797,60714.396125551626,7.0,5.0,,2T4R LTE Sector Antenna,39.68,0.9,n8,355.63,7.18,0.53,13.69,72.02,6.5,12.85,20,,,,,,,,,,,,,,,,,,,,,,,144,,0
19,ru_19_3,3,20668.686929887797,60714.396125551626,7.0,5.0,,2T4R LTE Sector Antenna,39.68,0.9,n8,57.1,10.25,5.47,2.12,71.97,9.07,7.13,20,,,,,,,,,,,,,,,,,,,,,,,144,,0
20,ru_20_1,1,16433.566537973747,27603.881916196427,27.0,25.0,,2T4R LTE Sector Antenna,37.86,1.8,n3,42.97,-1.76,31.04,34.7,59.55,1.91,7.58,20,,,,,,,,,,,,,,,,,,,,,,,518,,0
20,ru_20_2,2,16433.566537973747,27603.881916196427,27.0,25.0,,2T4R LTE Sector Antenna,37.86,1.8,n3,158.35,3.4,30.02,42.31,56.01,1.0,25.5,20,,,,,,,,,,,,,,,,,,,,,,,518,,0
20,ru_20_3,3,16433.566537973747,27603.881916196427,27.0,25.0,,2T4R LTE Sector Antenna,37.86,1.8,n3,222.62,8.67,33.72,35.35,72.35,1.47,14.61,20,,,,,,,,,,,,,,,,,,,,,,,518,,0
20,ru_20_4,4,16433.566537973747,27603.881916196427,27.0,25.0,,2T4R LTE Sector Antenna,37.86,1.8,n3,293.55,11.57,33.05,31.94,61.12,6.1,22.95,20,,,,,,,,,,,,,,,,,,,,,,,518,,0
21,ru_21_1,1,15948.653390363868,52712.892640906364,4.0,2.0,,2T4R LTE Sector Antenna,37.86,1.8,n3,356.78,-1.42,39.84,29.9,67.38,5.28,15.15,20,,,,,,,,,,,,,,,,,,,,,,,761,,0
21,ru_21_2,2,15948.653390363868,52712.892640906364,4.0,2.0,,2T4R LTE Sector Antenna,37.86,1.8,n3,83.83,1.34,39.99,22.26,70.2,1.0,23.95,20,,,,,,,,,,,,,,,,,,,,,,,761,,0
21,ru_21_3,3,15948.653390363868,52712.892640906364,4.0,2.0,,2T4R LTE Sector Antenna,37.86,1.8,n3,170.5,5.83,30.33,40.38,57.57,13.49,7.26,20,,,,,,,,,,,,,,,,,,,,,,,761,,0
21,ru_21_4,4,15948.653390363868,52712.892640906364,4.0,2.0,,2T4R LTE Sector Antenna,37.86,1.8,n3,278.55,5.62,21.9,27.21,70.62,15.51,7.78,20,,,,,,,,,,,,,,,,,,,,,,,761,,0
22,ru_22_1,1,9854.827575323334,53499.682767321465,27.0,25.0,,2T4R LTE Sector Antenna,39.65,2.1,n1,58.96,11.66,10.56,5.79,73.77,1.03,22.59,20,,,,,,,,,,,,,,,,,,,,,,,318,,0
22,ru_22_2,2,9854.827575323334,53499.682767321465,27.0,25.0,,2T4R LTE Sector Antenna,39.65,2.1,n1,176.15,7.4,15.53,7.72,69.57,15.59,22.95,20,,,,,,,,,,,,,,,,,,,,,,,318,,0
22,ru_22_3,3,9854.827575323334,53499.682767321465,27.0,25.0,,2T4R LTE Sector Antenna,39.65,2.1,n1,301.97,-1.91,2.37,21.29,63.82,1.0,10.29,20,,,,,,,,,,,,,,,,,,,,,,,318,,0
23,ru_23_1,1,4379.232041408367,48481.21568625103,22.0,20.0,,2T4R LTE Sector Antenna,39.65,2.1,n1,150.15,16.08,-0.78,-0.11,72.53,15.5,13.6,20,,,,,,,,,,,,,,,,,,,,,,,130,,1
23,ru_23_2,2,4379.232041408367,48481.21568625103,22.0,20.0,,2T4R LTE Sector Antenna,39.65,2.1,n1,245.56,15.31,-1.5,15.35,65.55,16.04,15.55,20,,,,,,,,,,,,,,,,,,,,,,,130,,1
23,ru_23_3,3,4379.232041408367,48481.21568625103,22.0,20.0,,2T4R LTE Sector Antenna,39.65,2.1,n1,304.06,15.96,-8.97,14.16,69.9,1.0,14.82,20,,,,,,,,,,,,,,,,,,,,,,,130,,1
24,ru_24_1,1,20457.672232417804,59354.333850079085,4.0,2.0,,2T4R LTE Sector Antenna,37.86,1.8,n3,182.68,-1.0,10.45,20.6,71.41,12.26,7.8,20,,,,,,,,,,,,,,,,,,,,,,,570,,0
24,ru_24_2,2,20457.672232417804,59354.333850079085,4.0,2.0,,2T4R LTE Sector Antenna,37.86,1.8,n3,229.64,-3.91,7.07,21.52,69.99,16.4,21.97,20,,,,,,,,,,,,,,,,,,,,,,,570,,0
24,ru_24_3,3,20457.672232417804,59354.333850079085,4.0,2.0,,2T4R LTE Sector Antenna,37.86,1.8,n3,272.41,34.87,11.75,42.84,60.76,15.12,7.07,20,,,,,,,,,,,,,,,,,,,,,,,570,,0
24,ru_24_4,4,20457.672232417804,59354.333850079085,4.0,2.0,,2T4R LTE Sector Antenna,37.86,1.8,n3,289.55,-6.54,16.64,21.87,57.36,16.41,18.11,20,,,,,,,,,,,,,,,,,,,,,,,570,,0
25,ru_25_1,1,442.9519237018494,58012.17574637036,27.0,25.0,,2T4R LTE Sector Antenna,43.88,1.8,n3,175.23,7.58,36.42,20.54,27.77,8.01,10.84,20,,,,,,,,,,,,,,,,,,,,,,,518,,1
26,ru_26_1,1,440.31818371841115,58013.14954073455,27.0,25.0,,2T4R LTE Sector Antenna,40.52,0.9,n8,3.07,-2.46,-1.67,5.92,65.06,1.0,4.78,20,,,,,,,,,,,,,,,,,,,,,,,942,,1
26,ru_26_2,2,440.31818371841115,58013.14954073455,27.0,25.0,,2T4R LTE Sector Antenna,40.52,0.9,n8,164.41,4.39,3.43,7.91,65.11,14.0,17.07,20,,,,,,,,,,,,,,,,,,,,,,,942,,1
27,ru_27_1,1,16663.466589198753,37166.01980971488,4.0,2.0,,2T4R LTE Sector Antenna,39.65,2.1,n1,49.26,13.75,7.98,9.87,66.65,9.28,10.78,20,,,,,,,,,,,,,,,,,,,,,,,528,,0
27,ru_27_2,2,16663.466589198753,37166.01980971488,4.0,2.0,,2T4R LTE Sector Antenna,39.65,2.1,n1,135.64,3.89,9.03,16.98,62.9,9.29,17.11,20,,,,,,,,,,,,,,,,,,,,,,,528,,0
27,ru_27_3,3,16663.466589198753,37166.01980971488,4.0,2.0,,2T4R LTE Sector Antenna,39.65,2.1,n1,257.34,2.38,2.83,18.44,70.74,5.35,5.88,20,,,,,,,,,,,,,,,,,,,,,,,528,,0
28,ru_28_1,1,2306.8266265715015,52861.40985759031,18.0,16.0,,2T4R LTE Sector Antenna,40.87,1.8,n3,152.28,3.17,37.86,35.1,41.26,8.44,28.5,20,,,,,,,,,,,,,,,,,,,,,,,729,,1
28,ru_28_2,2,2306.8266265715015,52861.40985759031,18.0,16.0,,2T4R LTE Sector Antenna,40.87,1.8,n3,224.65,3.62,22.88,31.66,27.93,1.0,24.47,20,,,,,,,,,,,,,,,,,,,,,,,729,,1
29,ru_29_1,1,11250.454753929549,51416.32845879822,4.0,2.0,,2T4R LTE Sector Antenna,39.97,1.8,n3,58.8,4.18,13.58,11.13,69.73,11.8,21.53,30,,,,,,,,,,,,,,,,,,,,,,,427,,0
29,ru_29_2,2,11250.454753929549,51416.32845879822,4.0,2.0,,2T4R LTE Sector Antenna,39.97,1.8,n3,181.06,8.04,-2.08,9.73,68.56,1.0,6.73,30,,,,,,,,,,,,,,,,,,,,,,,427,,0
29,ru_29_3,3,11250.454753929549,51416.32845879822,4.0,2.0,,2T4R LTE Sector Antenna,39.97,1.8,n3,303.08,14.71,-0.93,9.23,65.46,11.6,10.4,30,,,,,,,,,,,,,,,,,,,,,,,427,,0
30,ru_30_1,1,5580.328659571262,46031.316949204476,18.0,16.0,,2T4R LTE Sector Antenna,40.87,1.8,n3,189.4,2.35,30.68,30.83,58.77,13.98,14.87,20,,,,,,,,,,,,,,,,,,,,,,,618,,1
30,ru_30_2,2,5580.328659571262,46031.316949204476,18.0,16.0,,2T4R LTE Sector Antenna,40.87,1.8,n3,289.69,-1.07,21.35,26.8,70.9,6.45,18.24,20,,,,,,,,,,,,,,,,,,,,,,,618,,1
31,ru_31_1,1,16425.060183519774,18104.324105679454,8.0,6.0,,2T4R LTE Sector Antenna,38.76,0.9,n8,5.76,0.54,-4.94,-1.45,74.21,7.2,9.94,20,,,,,,,,,,,,,,,,,,,,,,,649,,1
31,ru_31_2,2,16425.060183519774,18104.324105679454,8.0,6.0,,2T4R LTE Sector Antenna,38.76,0.9,n8,164.68,1.88,-4.99,14.6,69.44,3.24,5.21,20,,,,,,,,,,,,,,,,,,,,,,,649,,1
31,ru_31_3,3,16425.060183519774,18104.324105679454,8.0,6.0,,2T4R LTE Sector Antenna,38.76,0.9,n8,325.0,-4.38,2.73,5.92,73.36,16.39,11.38,20,,,,,,,,,,,,,,,,,,,,,,,649,,1
32,ru_32_1,1,4320.406123567924,49792.87264227332,4.0,2.0,,2T4R LTE Sector Antenna,39.11,1.8,n3,26.93,0.26,35.49,45.61,74.68,11.66,12.59,20,,,,,,,,,,,,,,,,,,,,,,,542,,0
32,ru_32_2,2,4320.406123567924,49792.87264227332,4.0,2.0,,2T4R LTE Sector Antenna,39.11,1.8,n3,132.48,10.69,20.7,39.24,62.04,4.38,15.22,20,,,,,,,,,,,,,,,,,,,,,,,542,,0
32,ru_32_3,3,4320.406123567924,49792.87264227332,4.0,2.0,,2T4R LTE Sector Antenna,39.11,1.8,n3,290.82,3.79,33.05,27.7,67.76,1.0,9.44,20,,,,,,,,,,,,,,,,,,,,,,,542,,0
33,ru_33_1,1,4634.2838097521535,54953.800504133666,5.0,3.0,,2T4R LTE Sector Antenna,40.87,1.8,n3,115.55,13.1,36.46,27.15,64.48,1.39,10.74,20,,,,,,,,,,,,,,,,,,,,,,,941,,0
33,ru_33_2,2,4634.2838097521535,54953.800504133666,5.0,3.0,,2T4R LTE Sector Antenna,40.87,1.8,n3,269.79,-1.13,23.36,28.12,74.73,6.28,18.04,20,,,,,,,,,,,,,,,,,,,,,,,941,,0
34,ru_34_1,1,5765.992783472457,44650.70545185057,27.0,25.0,,2T4R LTE Sector Antenna,41.41,2.1,n1,189.71,-8.02,-7.06,9.51,56.88,15.85,11.76,20,,,,,,,,,,,,,,,,,,,,,,,220,,1
34,ru_34_2,2,5765.992783472457,44650.70545185057,27.0,25.0,,2T4R LTE Sector Antenna,41.41,2.1,n1,349.3,5.07,7.22,-5.63,63.25,11.68,10.91,20,,,,,,,,,,,,,,,,,,,,,,,220,,1
35,ru_35_1,1,20201.92143965749,32186.57736611174,27.0,25.0,,2T4R LTE Sector Antenna,39.11,1.8,n3,89.56,12.62,36.46,35.32,72.51,1.3,15.18,20,,,,,,,,,,,,,,,,,,,,,,,264,,0
35,ru_35_2,2,20201.92143965749,32186.57736611174,27.0,25.0,,2T4R LTE Sector Antenna,39.11,1.8,n3,188.23,0.56,30.78,43.72,60.68,14.19,19.94,20,,,,,,,,,,,,,,,,,,,,,,,264,,0
35,ru_35_3,3,20201.92143965749,32186.57736611174,27.0,25.0,,2T4R LTE Sector Antenna,39.11,1.8,n3,305.87,-0.96,36.38,44.54,70.76,4.56,12.08,20,,,,,,,,,,,,,,,,,,,,,,,264,,0
36,ru_36_1,1,796.1558659008375,57210.13871529036,18.0,16.0,,2T4R LTE Sector Antenna,38.76,0.9,n8,131.7,-6.28,-2.14,0.73,62.66,14.03,15.75,20,,,,,,,,,,,,,,,,,,,,,,,772,,1
36,ru_36_2,2,796.1558659008375,57210.13871529036,18.0,16.0,,2T4R LTE Sector Antenna,38.76,0.9,n8,251.11,0.44,-2.11,-9.02,74.6,1.83,23.32,20,,,,,,,,,,,,,,,,,,,,,,,772,,1
36,ru_36_3,3,796.1558659008375,57210.13871529036,18.0,16.0,,2T4R LTE Sector Antenna,38.76,0.9,n8,356.04,-0.63,10.76,-0.93,72.67,9.37,14.44,20,,,,,,,,,,,,,,,,,,,,,,,772,,1
37,ru_37_1,1,-2074.2079272446103,54562.613096355584,4.0,2.0,,2T4R LTE Sector Antenna,39.68,0.9,n8,58.49,5.19,25.15,31.27,61.03,15.53,22.2,20,,,,,,,,,,,,,,,,,,,,,,,995,,0
37,ru_37_2,2,-2074.2079272446103,54562.613096355584,4.0,2.0,,2T4R LTE Sector Antenna,39.68,0.9,n8,126.45,0.9,35.05,33.9,70.4,2.16,19.87,20,,,,,,,,,,,,,,,,,,,,,,,995,,0
37,ru_37_3,3,-2074.2079272446103,54562.613096355584,4.0,2.0,,2T4R LTE Sector Antenna,39.68,0.9,n8,230.74,9.63,30.08,41.37,61.74,10.86,5.17,20,,,,,,,,,,,,,,,,,,,,,,,995,,0
38,ru_38_1,1,20486.699704890783,57421.1276248038,4.0,2.0,,2T4R LTE Sector Antenna,39.97,1.8,n3,347.45,39.19,35.01,68.25,67.13,16.75,12.58,30,,,,,,,,,,,,,,,,,,,,,,,524,,0
38,ru_38_2,2,20486.699704890783,57421.1276248038,4.0,2.0,,2T4R LTE Sector Antenna,39.97,1.8,n3,35.97,33.05,29.29,60.74,68.17,1.0,17.97,30,,,,,,,,,,,,,,,,,,,,,,,524,,0
38,ru_38_3,3,20486.699704890783,57421.1276248038,4.0,2.0,,2T4R LTE Sector Antenna,39.97,1.8,n3,172.19,29.91,27.36,62.52,71.59,1.0,23.73,30,,,,,,,,,,,,,,,,,,,,,,,524,,0
39,ru_39_1,1,15451.537971467877,30628.06791879013,10.0,8.0,,2T4R LTE Sector Antenna,39.11,1.8,n3,63.51,-1.79,1.38,7.04,55.49,10.48,13.17,20,,,,,,,,,,,,,,,,,,,,,,,729,,0
39,ru_39_2,2,15451.537971467877,30628.06791879013,10.0,8.0,,2T4R LTE Sector Antenna,39.11,1.8,n3,224.27,1.05,-0.83,17.01,59.4,3.79,5.86,20,,,,,,,,,,,,,,,,,,,,,,,729,,0
39,ru_39_3,3,15451.537971467877,30628.06791879013,10.0,8.0,,2T4R LTE Sector Antenna,39.11,1.8,n3,325.47,1.9,11.03,14.36,69.24,1.0,15.24,20,,,,,,,,,,,,,,,,,,,,,,,729,,0
40,ru_40_1,1,8134.837272803586,36136.94679425969,15.0,13.0,,2T4R LTE Sector Antenna,39.11,1.8,n3,37.31,5.3,22.38,37.28,66.27,6.51,9.53,20,,,,,,,,,,,,,,,,,,,,,,,524,,0
40,ru_40_2,2,8134.837272803586,36136.94679425969,15.0,13.0,,2T4R LTE Sector Antenna,39.11,1.8,n3,94.79,7.53,21.72,38.98,64.91,12.08,22.03,20,,,,,,,,,,,,,,,,,,,,,,,524,,0
40,ru_40_3,3,8134.837272803586,36136.94679425969,15.0,13.0,,2T4R LTE Sector Antenna,39.11,1.8,n3,186.02,13.03,23.53,31.96,56.1,2.7,17.15,20,,,,,,,,,,,,,,,,,,,,,,,524,,0
41,ru_41_1,1,8679.123563333938,44076.33172918121,4.0,2.0,,2T4R LTE Sector Antenna,39.11,1.8,n3,80.98,14.69,23.51,26.81,61.97,3.7,21.97,20,,,,,,,,,,,,,,,,,,,,,,,264,,0
41,ru_41_2,2,8679.123563333938,44076.33172918121,4.0,2.0,,2T4R LTE Sector Antenna,39.11,1.8,n3,234.69,13.65,36.46,28.52,72.3,13.91,24.89,20,,,,,,,,,,,,,,,,,,,,,,,264,,0
41,ru_41_3,3,8679.123563333938,44076.33172918121,4.0,2.0,,2T4R LTE Sector Antenna,39.11,1.8,n3,292.44,7.06,27.97,26.76,55.62,7.4,20.08,20,,,,,,,,,,,,,,,,,,,,,,,264,,0
42,ru_42_1,1,17972.162462549986,38296.18721676582,4.0,2.0,,2T4R LTE Sector Antenna,39.97,1.8,n3,47.16,-2.56,12.81,17.91,62.93,13.85,16.25,30,,,,,,,,,,,,,,,,,,,,,,,313,,0
42,ru_42_2,2,17972.162462549986,38296.18721676582,4.0,2.0,,2T4R LTE Sector Antenna,39.97,1.8,n3,150.09,-1.24,-4.26,6.57,73.9,5.93,19.09,30,,,,,,,,,,,,,,,,,,,,,,,313,,0
42,ru_42_3,3,17972.162462549986,38296.18721676582,4.0,2.0,,2T4R LTE Sector Antenna,39.97,1.8,n3,270.29,2.09,6.07,14.42,56.02,16.06,20.85,30,,,,,,,,,,,,,,,,,,,,,,,313,,0
43,ru_43_1,1,17801.854851832715,53953.28408122653,18.0,16.0,,2T4R LTE Sector Antenna,39.11,1.8,n3,13.55,11.06,28.97,40.81,69.99,10.02,22.88,20,,,,,,,,,,,,,,,,,,,,,,,110,,0
43,ru_43_2,2,17801.854851832715,53953.28408122653,18.0,16.0,,2T4R LTE Sector Antenna,39.11,1.8,n3,120.59,-3.06,27.86,28.66,60.15,1.0,6.23,20,,,,,,,,,,,,,,,,,,,,,,,110,,0
43,ru_43_3,3,17801.854851832715,53953.28408122653,18.0,16.0,,2T4R LTE Sector Antenna,39.11,1.8,n3,208.03,16.92,37.5,36.41,72.33,14.7,16.62,20,,,,,,,,,,,,,,,,,,,,,,,110,,0
44,ru_44_1,1,14962.77733369207,47810.437678215465,27.0,25.0,,2T4R LTE Sector Antenna,39.11,1.8,n3,67.91,8.34,15.51,15.06,69.92,6.79,7.83,20,,,,,,,,,,,,,,,,,,,,,,,274,,0
44,ru_44_2,2,14962.77733369207,47810.437678215465,27.0,25.0,,2T4R LTE Sector Antenna,39.11,1.8,n3,183.43,6.85,13.46,15.46,72.71,1.0,20.71,20,,,,,,,,,,,,,,,,,,,,,,,274,,0
44,ru_44_3,3,14962.77733369207,47810.437678215465,27.0,25.0,,2T4R LTE Sector Antenna,39.11,1.8,n3,294.75,-0.69,-0.15,10.7,59.32,1.0,16.47,20,,,,,,,,,,,,,,,,,,,,,,,274,,0
45,ru_45_1,1,6421.027402003412,50505.94537043036,27.0,25.0,,2T4R LTE Sector Antenna,40.52,0.9,n8,37.06,-4.93,-2.58,-2.43,65.63,10.75,12.4,20,,,,,,,,,,,,,,,,,,,,,,,960,,0
45,ru_45_2,2,6421.027402003412,50505.94537043036,27.0,25.0,,2T4R LTE Sector Antenna,40.52,0.9,n8,146.96,-0.79,9.12,16.44,70.59,1.0,7.76,20,,,,,,,,,,,,,,,,,,,,,,,960,,0
46,ru_46_1,1,16323.974982423888,43054.75865135805,27.0,25.0,,2T4R LTE Sector Antenna,39.97,1.8,n3,52.07,14.04,25.78,30.38,59.91,2.73,10.78,30,,,,,,,,,,,,,,,,,,,,,,,103,,0
46,ru_46_2,2,16323.974982423888,43054.75865135805,27.0,25.0,,2T4R LTE Sector Antenna,39.97,1.8,n3,165.98,8.68,34.69,45.73,59.61,1.0,18.08,30,,,,,,,,,,,,,,,,,,,,,,,103,,0
46,ru_46_3,3,16323.974982423888,43054.75865135805,27.0,25.0,,2T4R LTE Sector Antenna,39.97,1.8,n3,321.81,12.7,31.33,31.76,55.54,5.82,8.09,30,,,,,,,,,,,,,,,,,,,,,,,103,,0
47,ru_47_1,1,-712.2477454001597,49279.19415009854,27.0,25.0,,2T4R LTE Sector Antenna,39.97,1.8,n3,37.94,7.92,1.02,4.15,74.17,5.29,5.37,30,,,,,,,,,,,,,,,,,,,,,,,651,,0
47,ru_47_2,2,-712.2477454001597,49279.19415009854,27.0,25.0,,2T4R LTE Sector Antenna,39.97,1.8,n3,155.5,7.43,6.57,9.95,69.2,7.44,21.26,30,,,,,,,,,,,,,,,,,,,,,,,651,,0
47,ru_47_3,3,-712.2477454001597,49279.19415009854,27.0,25.0,,2T4R LTE Sector Antenna,39.97,1.8,n3,277.73,10.1,4.21,12.39,67.71,2.59,18.78,30,,,,,,,,,,,,,,,,,,,,,,,651,,0
48,ru_48_1,1,6591.259293343944,36814.11602132352,18.0,16.0,,2T4R LTE Sector Antenna,41.41,2.1,n1,353.75,8.2,-9.47,3.16,69.88,1.0,11.0,20,,,,,,,,,,,,,,,,,,,,,,,331,,1
48,ru_48_2,2,6591.259293343944,36814.11602132352,18.0,16.0,,2T4R LTE Sector Antenna,41.41,2.1,n1,151.7,8.45,-9.01,1.73,65.63,9.29,12.85,20,,,,,,,,,,,,,,,,,,,,,,,331,,1
49,ru_49_1,1,21642.389288893803,58037.09150841154,5.0,3.0,,2T4R LTE Sector Antenna,39.97,1.8,n3,341.84,24.14,32.03,69.9,64.52,4.47,23.44,30,,,,,,,,,,,,,,,,,,,,,,,761,,0
49,ru_49_2,2,21642.389288893803,58037.09150841154,5.0,3.0,,2T4R LTE Sector Antenna,39.97,1.8,n3,194.35,38.83,29.72,59.73,63.99,10.03,18.16,30,,,,,,,,,,,,,,,,,,,,,,,761,,0
49,ru_49_3,3,21642.389288893803,58037.09150841154,5.0,3.0,,2T4R LTE Sector Antenna,39.97,1.8,n3,106.15,22.41,25.2,59.56,67.81,1.0,16.21,30,,,,,,,,,,,,,,,,,,,,,,,761,,0
50,ru_50_1,1,18166.378598783085,21624.560220321262,27.0,25.0,,2T4R LTE Sector Antenna,39.65,2.1,n1,59.97,14.92,1.37,8.44,59.03,1.0,10.15,20,,,,,,,,,,,,,,,,,,,,,,,527,,0
50,ru_50_2,2,18166.378598783085,21624.560220321262,27.0,25.0,,2T4R LTE Sector Antenna,39.65,2.1,n1,155.93,-0.99,8.16,1.34,72.76,1.97,9.98,20,,,,,,,,,,,,,,,,,,,,,,,527,,0
50,ru_50_3,3,18166.378598783085,21624.560220321262,27.0,25.0,,2T4R LTE Sector Antenna,39.65,2.1,n1,268.16,2.29,9.53,11.86,71.24,6.13,4.79,20,,,,,,,,,,,,,,,,,,,,,,,527,,0
51,ru_51_1,1,12727.974490690225,24395.41784841496,27.0,25.0,,2T4R LTE Sector Antenna,39.65,2.1,n1,32.74,9.93,4.22,0.56,61.99,4.88,18.57,20,,,,,,,,,,,,,,,,,,,,,,,809,,1
51,ru_51_2,2,12727.974490690225,24395.41784841496,27.0,25.0,,2T4R LTE Sector Antenna,39.65,2.1,n1,156.5,-3.41,0.71,8.75,66.57,13.21,4.86,20,,,,,,,,,,,,,,,,,,,,,,,809,,1
51,ru_51_3,3,12727.974490690225,24395.41784841496,27.0,25.0,,2T4R LTE Sector Antenna,39.65,2.1,n1,329.95,1.27,-1.59,-2.98,57.82,4.56,4.1,20,,,,,,,,,,,,,,,,,,,,,,,809,,1
52,ru_52_1,1,13145.722064093508,47911.22979248502,9.0,7.0,,2T4R LTE Sector Antenna,38.76,0.9,n8,44.02,6.0,6.44,22.63,74.45,7.61,18.59,20,,,,,,,,,,,,,,,,,,,,,,,683,,0
52,ru_52_2,2,13145.722064093508,47911.22979248502,9.0,7.0,,2T4R LTE Sector Antenna,38.76,0.9,n8,241.9,-0.09,2.29,10.38,73.06,8.87,22.98,20,,,,,,,,,,,,,,,,,,,,,,,683,,0
52,ru_52_3,3,13145.722064093508,47911.22979248502,9.0,7.0,,2T4R LTE Sector Antenna,38.76,0.9,n8,327.85,11.2,7.28,20.94,73.44,1.0,19.13,20,,,,,,,,,,,,,,,,,,,,,,,683,,0
53,ru_53_1,1,19761.481842019624,51053.511168903344,4.0,2.0,,2T4R LTE Sector Antenna,39.97,1.8,n3,98.31,22.03,33.53,44.51,61.64,7.3,13.43,30,,,,,,,,,,,,,,,,,,,,,,,235,,0
53,ru_53_2,2,19761.481842019624,51053.511168903344,4.0,2.0,,2T4R LTE Sector Antenna,39.97,1.8,n3,179.94,17.49,21.32,31.21,58.38,3.9,13.72,30,,,,,,,,,,,,,,,,,,,,,,,235,,0
53,ru_53_3,3,19761.481842019624,51053.511168903344,4.0,2.0,,2T4R LTE Sector Antenna,39.97,1.8,n3,292.69,6.79,20.02,46.44,59.24,5.43,12.72,30,,,,,,,,,,,,,,,,,,,,,,,235,,0
54,ru_54_1,1,4276.402046256526,61711.03995270939,27.0,25.0,,2T4R LTE Sector Antenna,39.68,0.9,n8,87.31,5.62,24.25,37.96,56.8,1.0,10.49,20,,,,,,,,,,,,,,,,,,,,,,,507,,0
54,ru_54_2,2,4276.402046256526,61711.03995270939,27.0,25.0,,2T4R LTE Sector Antenna,39.68,0.9,n8,191.34,-0.03,37.89,40.64,57.4,12.66,14.43,20,,,,,,,,,,,,,,,,,,,,,,,507,,0
54,ru_54_3,3,4276.402046256526,61711.03995270939,27.0,25.0,,2T4R LTE Sector Antenna,39.68,0.9,n8,324.04,-0.1,32.93,33.56,56.43,15.85,12.62,20,,,,,,,,,,,,,,,,,,,,,,,507,,0
55,ru_55_1,1,-562.626870608756,60789.38576534365,5.0,3.0,,2T4R LTE Sector Antenna,43.88,1.8,n3,80.35,-2.77,23.44,36.76,74.8,1.0,17.46,20,,,,,,,,,,,,,,,,,,,,,,,507,,1
56,ru_56_1,1,9863.144644056518,55903.00681034601,27.0,25.0,,2T4R LTE Sector Antenna,39.97,1.8,n3,149.07,20.8,10.81,22.12,56.48,9.03,21.46,30,,,,,,,,,,,,,,,,,,,,,,,518,,0
56,ru_56_2,2,9863.144644056518,55903.00681034601,27.0,25.0,,2T4R LTE Sector Antenna,39.97,1.8,n3,222.69,19.76,2.4,17.62,57.65,12.28,23.9,30,,,,,,,,,,,,,,,,,,,,,,,518,,0
56,ru_56_3,3,9863.144644056518,55903.00681034601,27.0,25.0,,2T4R LTE Sector Antenna,39.97,1.8,n3,346.87,17.55,2.52,11.95,71.55,2.7,5.57,30,,,,,,,,,,,,,,,,,,,,,,,518,,0
57,ru_57_1,1,13118.112856056376,25328.567097259707,27.0,25.0,,4T4R LTE Sector Antenna,41.44,0.9,n8,78.41,10.35,38.71,43.25,66.6,12.75,12.19,20,,,,,,,,,,,,,,,,,,,,,,,828,,0
57,ru_57_2,2,13118.112856056376,25328.567097259707,27.0,25.0,,4T4R LTE Sector Antenna,41.44,0.9,n8,249.18,9.81,21.19,43.44,70.49,9.65,8.11,20,,,,,,,,,,,,,,,,,,,,,,,828,,0
58,ru_58_1,1,18877.787919878494,20988.934483501096,27.0,25.0,,2T4R LTE Sector Antenna,39.11,1.8,n3,35.04,3.59,-1.7,16.21,67.62,15.58,10.54,20,,,,,,,,,,,,,,,,,,,,,,,267,,0
58,ru_58_2,2,18877.787919878494,20988.934483501096,27.0,25.0,,2T4R LTE Sector Antenna,39.11,1.8,n3,130.82,3.73,9.72,8.42,72.64,16.62,9.25,20,,,,,,,,,,,,,,,,,,,,,,,267,,0
58,ru_58_3,3,18877.787919878494,20988.934483501096,27.0,25.0,,2T4R LTE Sector Antenna,39.11,1.8,n3,265.69,1.69,-1.09,6.5,67.77,1.0,6.99,20,,,,,,,,,,,,,,,,,,,,,,,267,,0
59,ru_59_1,1,13940.699141900039,43834.34346759986,27.0,25.0,,2T4R LTE Sector Antenna,39.68,0.9,n8,52.94,22.64,33.59,66.24,65.44,5.9,18.78,20,,,,,,,,,,,,,,,,,,,,,,,805,,0
59,ru_59_2,2,13940.699141900039,43834.34346759986,27.0,25.0,,2T4R LTE Sector Antenna,39.68,0.9,n8,179.7,22.51,24.28,60.12,69.25,7.94,13.43,20,,,,,,,,,,,,,,,,,,,,,,,805,,0
59,ru_59_3,3,13940.699141900039,43834.34346759986,27.0,25.0,,2T4R LTE Sector Antenna,39.68,0.9,n8,311.51,39.04,21.98,64.73,63.95,1.0,21.88,20,,,,,,,,,,,,,,,,,,,,,,,805,,0
60,ru_60_1,1,19886.78955860056,25812.185293368486,18.0,16.0,,2T4R LTE Sector Antenna,40.87,1.8,n3,108.18,1.64,24.14,31.19,61.92,3.73,8.15,20,,,,,,,,,,,,,,,,,,,,,,,381,,0
60,ru_60_2,2,19886.78955860056,25812.185293368486,18.0,16.0,,2T4R LTE Sector Antenna,40.87,1.8,n3,270.59,11.06,28.45,26.31,32.35,16.75,10.84,20,,,,,,,,,,,,,,,,,,,,,,,381,,0
61,ru_61_1,1,5687.247658676941,45531.766494820076,18.0,16.0,,2T4R LTE Sector Antenna,41.41,2.1,n1,184.85,1.27,-6.48,12.9,58.39,1.0,13.07,20,,,,,,,,,,,,,,,,,,,,,,,483,,1
61,ru_61_2,2,5687.247658676941,45531.766494820076,18.0,16.0,,2T4R LTE Sector Antenna,41.41,2.1,n1,331.81,7.09,-7.31,-1.38,70.93,6.05,8.61,20,,,,,,,,,,,,,,,,,,,,,,,483,,1
62,ru_62_1,1,12715.334073323498,49518.6985356574,4.0,2.0,,2T4R LTE Sector Antenna,40.87,1.8,n3,113.07,6.15,37.21,35.97,60.21,13.85,9.25,20,,,,,,,,,,,,,,,,,,,,,,,841,,0
62,ru_62_2,2,12715.334073323498,49518.6985356574,4.0,2.0,,2T4R LTE Sector Antenna,40.87,1.8,n3,265.99,7.06,26.41,44.54,58.07,3.48,23.72,20,,,,,,,,,,,,,,,,,,,,,,,841,,0
63,ru_63_1,1,12911.356375743953,50333.36964533873,4.0,2.0,,2T4R LTE Sector Antenna,39.97,1.8,n3,84.83,20.6,27.22,64.95,59.93,6.6,8.18,30,,,,,,,,,,,,,,,,,,,,,,,725,,0
63,ru_63_2,2,12911.356375743953,50333.36964533873,4.0,2.0,,2T4R LTE Sector Antenna,39.97,1.8,n3,196.45,22.38,21.11,67.89,71.84,16.56,7.96,30,,,,,,,,,,,,,,,,,,,,,,,725,,0
63,ru_63_3,3,12911.356375743953,50333.36964533873,4.0,2.0,,2T4R LTE Sector Antenna,39.97,1.8,n3,323.11,38.34,27.15,55.45,61.6,6.5,15.47,30,,,,,,,,,,,,,,,,,,,,,,,725,,0
64,ru_64_1,1,16590.978712010572,45289.02210326846,5.0,3.0,,2T4R LTE Sector Antenna,39.68,0.9,n8,7.49,6.43,25.3,32.21,68.72,1.0,13.96,20,,,,,,,,,,,,,,,,,,,,,,,274,,0
64,ru_64_2,2,16590.978712010572,45289.02210326846,5.0,3.0,,2T4R LTE Sector Antenna,39.68,0.9,n8,155.66,12.16,32.21,49.12,72.13,1.0,15.61,20,,,,,,,,,,,,,,,,,,,,,,,274,,0
64,ru_64_3,3,16590.978712010572,45289.02210326846,5.0,3.0,,2T4R LTE Sector Antenna,39.68,0.9,n8,251.23,9.3,24.11,33.09,56.55,15.91,11.53,20,,,,,,,,,,,,,,,,,,,,,,,274,,0
65,ru_65_1,1,20365.684439750985,55072.09015903047,8.0,6.0,,2T4R LTE Sector Antenna,43.88,1.8,n3,95.84,-1.99,37.77,23.95,70.3,2.32,22.04,20,,,,,,,,,,,,,,,,,,,,,,,542,,0
66,ru_66_1,1,5836.487471274184,42776.98373940626,5.0,3.0,,2T4R LTE Sector Antenna,38.76,0.9,n8,185.68,10.64,38.59,35.83,61.15,7.08,6.77,20,,,,,,,,,,,,,,,,,,,,,,,762,,1
66,ru_66_2,2,5836.487471274184,42776.98373940626,5.0,3.0,,2T4R LTE Sector Antenna,38.76,0.9,n8,198.77,3.74,22.0,40.59,59.33,1.0,12.57,20,,,,,,,,,,,,,,,,,,,,,,,762,,1
66,ru_66_3,3,5836.487471274184,42776.98373940626,5.0,3.0,,2T4R LTE Sector Antenna,38.76,0.9,n8,339.53,19.77,22.15,47.66,68.78,5.47,17.8,20,,,,,,,,,,,,,,,,,,,,,,,762,,1
67,ru_67_1,1,13618.868916217341,23633.27116210218,3.0,1.0,,2T4R LTE Sector Antenna,39.65,2.1,n1,54.89,9.37,-4.69,11.21,73.2,15.6,21.36,20,,,,,,,,,,,,,,,,,,,,,,,483,,1
67,ru_67_2,2,13618.868916217341,23633.27116210218,3.0,1.0,,2T4R LTE Sector Antenna,39.65,2.1,n1,173.49,7.83,5.39,10.16,60.9,7.05,11.39,20,,,,,,,,,,,,,,,,,,,,,,,483,,1
67,ru_67_3,3,13618.868916217341,23633.27116210218,3.0,1.0,,2T4R LTE Sector Antenna,39.65,2.1,n1,276.29,2.38,-4.56,-0.5,66.38,16.42,15.35,20,,,,,,,,,,,,,,,,,,,,,,,483,,1
68,ru_68_1,1,13111.67198334242,35976.566930958856,3.0,1.0,,2T4R LTE Sector Antenna,38.76,0.9,n8,78.05,2.06,10.05,9.15,60.8,2.18,5.38,20,,,,,,,,,,,,,,,,,,,,,,,995,,0
68,ru_68_2,2,13111.67198334242,35976.566930958856,3.0,1.0,,2T4R LTE Sector Antenna,38.76,0.9,n8,165.75,17.41,8.09,11.57,66.09,7.09,7.41,20,,,,,,,,,,,,,,,,,,,,,,,995,,0
68,ru_68_3,3,13111.67198334242,35976.566930958856,3.0,1.0,,2T4R LTE Sector Antenna,38.76,0.9,n8,283.7,2.83,9.4,1.95,67.44,14.19,5.38,20,,,,,,,,,,,,,,,,,,,,,,,995,,0
69,ru_69_1,1,5804.445386816758,43984.536626271176,42.0,40.0,,2T4R LTE Sector Antenna,39.11,1.8,n3,181.24,-5.0,30.52,29.47,35.21,5.97,24.06,20,,,,,,,,,,,,,,,,,,,,,,,884,,1
69,ru_69_2,2,5804.445386816758,43984.536626271176,42.0,40.0,,2T4R LTE Sector Antenna,39.11,1.8,n3,262.04,-0.15,39.93,29.17,67.47,2.59,13.26,20,,,,,,,,,,,,,,,,,,,,,,,884,,1
69,ru_69_3,3,5804.445386816758,43984.536626271176,42.0,40.0,,2T4R LTE Sector Antenna,39.11,1.8,n3,3.06,35.89,20.88,52.55,57.7,14.11,18.47,20,,,,,,,,,,,,,,,,,,,,,,,884,,1
70,ru_70_1,1,13999.961646208763,48838.89101944547,27.0,25.0,,4T4R LTE Sector Antenna,38.76,0.9,n8,69.11,8.45,4.03,13.0,68.87,4.8,5.33,20,,,,,,,,,,,,,,,,,,,,,,,527,,0
70,ru_70_2,2,13999.961646208763,48838.89101944547,27.0,25.0,,4T4R LTE Sector Antenna,38.76,0.9,n8,180.25,11.02,2.48,16.1,68.5,7.61,21.25,20,,,,,,,,,,,,,,,,,,,,,,,527,,0
70,ru_70_3,3,13999.961646208763,48838.89101944547,27.0,25.0,,4T4R LTE Sector Antenna,38.76,0.9,n8,298.66,11.87,14.97,3.4,68.65,16.53,20.71,20,,,,,,,,,,,,,,,,,,,,,,,527,,0
71,ru_71_1,1,6473.070173105843,37926.72756448098,37.0,35.0,,2T4R LTE Sector Antenna,40.87,1.8,n3,350.72,-1.76,31.54,33.62,56.48,1.0,7.28,20,,,,,,,,,,,,,,,,,,,,,,,331,,1
71,ru_71_2,2,6473.070173105843,37926.72756448098,37.0,35.0,,2T4R LTE Sector Antenna,40.87,1.8,n3,189.2,12.48,36.12,39.64,63.94,3.03,7.98,20,,,,,,,,,,,,,,,,,,,,,,,331,,1
72,ru_72_1,1,6503.32195741919,37936.54642685482,37.0,35.0,,2T4R LTE Sector Antenna,39.65,2.1,n1,152.06,4.76,-6.59,10.96,63.18,1.0,8.13,20,,,,,,,,,,,,,,,,,,,,,,,565,,1
72,ru_72_2,2,6503.32195741919,37936.54642685482,37.0,35.0,,2T4R LTE Sector Antenna,39.65,2.1,n1,290.82,7.78,9.57,11.3,56.73,4.84,24.07,20,,,,,,,,,,,,,,,,,,,,,,,565,,1
72,ru_72_3,3,6503.32195741919,37936.54642685482,37.0,35.0,,2T4R LTE Sector Antenna,39.65,2.1,n1,344.92,-6.95,-0.03,1.96,59.45,1.0,9.69,20,,,,,,,,,,,,,,,,,,,,,,,565,,1
73,ru_73_1,1,14929.279497384343,51420.50890993138,4.0,2.0,,2T4R LTE Sector Antenna,39.11,1.8,n3,101.31,13.87,29.87,40.41,63.82,10.6,16.47,20,,,,,,,,,,,,,,,,,,,,,,,933,,0
73,ru_73_2,2,14929.279497384343,51420.50890993138,4.0,2.0,,2T4R LTE Sector Antenna,39.11,1.8,n3,249.1,0.62,39.42,29.82,69.86,1.0,14.02,20,,,,,,,,,,,,,,,,,,,,,,,933,,0
73,ru_73_3,3,14929.279497384343,51420.50890993138,4.0,2.0,,2T4R LTE Sector Antenna,39.11,1.8,n3,350.32,-3.76,27.61,32.22,59.74,10.5,21.41,20,,,,,,,,,,,,,,,,,,,,,,,933,,0
74,ru_74_1,1,9451.200305740891,54734.01242363744,27.0,25.0,,2T4R LTE Sector Antenna,38.76,0.9,n8,6.25,11.17,0.95,8.53,71.59,2.27,14.28,20,,,,,,,,,,,,,,,,,,,,,,,952,,0
74,ru_74_2,2,9451.200305740891,54734.01242363744,27.0,25.0,,2T4R LTE Sector Antenna,38.76,0.9,n8,71.02,4.58,4.7,14.35,65.92,4.1,14.51,20,,,,,,,,,,,,,,,,,,,,,,,952,,0
74,ru_74_3,3,9451.200305740891,54734.01242363744,27.0,25.0,,2T4R LTE Sector Antenna,38.76,0.9,n8,342.23,5.05,-4.44,12.84,70.21,3.98,24.28,20,,,,,,,,,,,,,,,,,,,,,,,952,,0
75,ru_75_1,1,10081.779550702864,48983.51641968975,18.0,16.0,,2T4R LTE Sector Antenna,39.11,1.8,n3,357.69,6.65,26.42,28.82,64.45,11.34,10.5,20,,,,,,,,,,,,,,,,,,,,,,,762,,0
75,ru_75_2,2,10081.779550702864,48983.51641968975,18.0,16.0,,2T4R LTE Sector Antenna,39.11,1.8,n3,111.21,1.86,23.86,39.04,64.98,6.33,24.11,20,,,,,,,,,,,,,,,,,,,,,,,762,,0
75,ru_75_3,3,10081.779550702864,48983.51641968975,18.0,16.0,,2T4R LTE Sector Antenna,39.11,1.8,n3,223.96,12.44,22.07,30.28,67.39,4.23,8.53,20,,,,,,,,,,,,,,,,,,,,,,,762,,0
76,ru_76_1,1,5835.3391869803545,43346.249039134455,18.0,16.0,,2T4R LTE Sector Antenna,39.11,1.8,n3,54.14,0.38,37.32,29.46,73.56,14.05,17.05,20,,,,,,,,,,,,,,,,,,,,,,,528,,1
76,ru_76_2,2,5835.3391869803545,43346.249039134455,18.0,16.0,,2T4R LTE Sector Antenna,39.11,1.8,n3,196.04,8.52,31.79,26.62,64.84,8.44,25.23,20,,,,,,,,,,,,,,,,,,,,,,,528,,1
76,ru_76_3,3,5835.3391869803545,43346.249039134455,18.0,16.0,,2T4R LTE Sector Antenna,39.11,1.8,n3,277.88,3.22,27.17,32.78,65.57,1.28,20.8,20,,,,,,,,,,,,,,,,,,,,,,,528,,1
77,ru_77_1,1,17296.7339646681,52515.96562103637,5.0,3.0,,2T4R LTE Sector Antenna,37.86,1.8,n3,88.33,16.2,28.17,39.06,67.04,15.0,19.2,20,,,,,,,,,,,,,,,,,,,,,,,761,,0
77,ru_77_2,2,17296.7339646681,52515.96562103637,5.0,3.0,,2T4R LTE Sector Antenna,37.86,1.8,n3,170.03,14.99,28.63,40.39,69.75,3.85,10.77,20,,,,,,,,,,,,,,,,,,,,,,,761,,0
77,ru_77_3,3,17296.7339646681,52515.96562103637,5.0,3.0,,2T4R LTE Sector Antenna,37.86,1.8,n3,262.24,12.46,32.66,37.72,56.44,1.0,13.87,20,,,,,,,,,,,,,,,,,,,,,,,761,,0
77,ru_77_4,4,17296.7339646681,52515.96562103637,5.0,3.0,,2T4R LTE Sector Antenna,37.86,1.8,n3,357.26,22.0,38.54,48.26,65.31,6.89,12.83,20,,,,,,,,,,,,,,,,,,,,,,,761,,0
78,ru_78_1,1,1402.046002187712,40391.44409898238,18.0,16.0,,2T4R LTE Sector Antenna,39.11,1.8,n3,80.02,2.85,8.66,14.6,64.63,1.0,16.93,20,,,,,,,,,,,,,,,,,,,,,,,331,,0
78,ru_78_2,2,1402.046002187712,40391.44409898238,18.0,16.0,,2T4R LTE Sector Antenna,39.11,1.8,n3,180.16,-0.46,-2.17,5.96,73.43,1.77,15.74,20,,,,,,,,,,,,,,,,,,,,,,,331,,0
78,ru_78_3,3,1402.046002187712,40391.44409898238,18.0,16.0,,2T4R LTE Sector Antenna,39.11,1.8,n3,259.79,3.56,-3.41,2.86,64.87,11.94,13.04,20,,,,,,,,,,,,,,,,,,,,,,,331,,0
79,ru_79_1,1,19407.087329512575,19304.789743946763,5.0,3.0,,2T4R LTE Sector Antenna,40.87,1.8,n3,166.66,13.92,29.02,44.34,64.37,1.0,9.61,20,,,,,,,,,,,,,,,,,,,,,,,979,,0
79,ru_79_2,2,19407.087329512575,19304.789743946763,5.0,3.0,,2T4R LTE Sector Antenna,40.87,1.8,n3,298.63,-3.19,31.36,45.98,74.24,13.14,8.52,20,,,,,,,,,,,,,,,,,,,,,,,979,,0
80,ru_80_1,1,6891.918933580374,54854.91355324235,5.0,3.0,,2T4R LTE Sector Antenna,40.87,1.8,n3,55.61,2.99,5.24,12.27,64.01,15.74,10.8,20,,,,,,,,,,,,,,,,,,,,,,,920,,0
80,ru_80_2,2,6891.918933580374,54854.91355324235,5.0,3.0,,2T4R LTE Sector Antenna,40.87,1.8,n3,146.82,12.85,9.18,18.8,58.62,9.13,6.5,20,,,,,,,,,,,,,,,,,,,,,,,920,,0
81,ru_81_1,1,14748.79553580036,55231.736672690684,4.0,2.0,,2T4R LTE Sector Antenna,39.68,0.9,n8,55.21,13.99,7.09,23.17,59.34,11.21,21.44,20,,,,,,,,,,,,,,,,,,,,,,,920,,0
81,ru_81_2,2,14748.79553580036,55231.736672690684,4.0,2.0,,2T4R LTE Sector Antenna,39.68,0.9,n8,176.45,18.84,2.41,20.83,56.9,11.27,16.04,20,,,,,,,,,,,,,,,,,,,,,,,920,,0
81,ru_81_3,3,14748.79553580036,55231.736672690684,4.0,2.0,,2T4R LTE Sector Antenna,39.68,0.9,n8,294.85,9.63,2.91,14.22,55.01,16.86,6.68,20,,,,,,,,,,,,,,,,,,,,,,,920,,0
82,ru_82_1,1,-169.85723008240157,41673.863046016144,27.0,25.0,,2T4R LTE Sector Antenna,39.11,1.8,n3,39.6,5.2,27.57,23.62,63.64,3.83,21.38,20,,,,,,,,,,,,,,,,,,,,,,,130,,0
82,ru_82_2,2,-169.85723008240157,41673.863046016144,27.0,25.0,,2T4R LTE Sector Antenna,39.11,1.8,n3,243.67,-1.95,21.89,22.32,70.38,1.0,24.45,20,,,,,,,,,,,,,,,,,,,,,,,130,,0
82,ru_82_3,3,-169.85723008240157,41673.863046016144,27.0,25.0,,2T4R LTE Sector Antenna,39.11,1.8,n3,354.57,10.95,23.32,31.54,69.67,7.38,12.25,20,,,,,,,,,,,,,,,,,,,,,,,130,,0
83,ru_83_1,1,8830.351833654142,54179.70957860575,27.0,25.0,,2T4R LTE Sector Antenna,38.43,0.9,n8,36.61,3.33,34.46,35.89,55.64,7.66,7.01,20,,,,,,,,,,,,,,,,,,,,,,,220,,0
83,ru_83_2,2,8830.351833654142,54179.70957860575,27.0,25.0,,2T4R LTE Sector Antenna,38.43,0.9,n8,188.61,12.77,27.78,36.15,66.4,1.0,4.17,20,,,,,,,,,,,,,,,,,,,,,,,220,,0
83,ru_83_3,3,8830.351833654142,54179.70957860575,27.0,25.0,,2T4R LTE Sector Antenna,38.43,0.9,n8,260.97,4.06,24.29,37.36,58.09,9.26,4.95,20,,,,,,,,,,,,,,,,,,,,,,,220,,0
83,ru_83_4,4,8830.351833654142,54179.70957860575,27.0,25.0,,2T4R LTE Sector Antenna,38.43,0.9,n8,339.22,4.24,31.25,34.04,73.82,1.0,20.75,20,,,,,,,,,,,,,,,,,,,,,,,220,,0
84,ru_84_1,1,16999.044396773235,23264.841715366307,4.0,2.0,,2T4R LTE Sector Antenna,41.44,0.9,n8,204.23,10.4,12.11,19.73,58.35,15.55,23.74,20,,,,,,,,,,,,,,,,,,,,,,,542,,1
84,ru_84_2,2,16999.044396773235,23264.841715366307,4.0,2.0,,2T4R LTE Sector Antenna,41.44,0.9,n8,293.01,6.18,4.15,7.17,67.53,2.29,4.9,20,,,,,,,,,,,,,,,,,,,,,,,542,,1
85,ru_85_1,1,7781.718349893538,61333.18682658006,27.0,25.0,,2T4R LTE Sector Antenna,40.87,1.8,n3,310.95,8.14,36.54,24.5,61.52,1.0,22.46,20,,,,,,,,,,,,,,,,,,,,,,,939,,0
85,ru_85_2,2,7781.718349893538,61333.18682658006,27.0,25.0,,2T4R LTE Sector Antenna,40.87,1.8,n3,172.76,-1.61,38.55,35.86,67.83,1.0,8.94,20,,,,,,,,,,,,,,,,,,,,,,,939,,0
86,ru_86_1,1,11886.924278986378,49334.3578723041,27.0,25.0,,4T4R LTE Sector Antenna,38.76,0.9,n8,98.38,7.94,7.95,17.96,63.25,1.8,15.84,20,,,,,,,,,,,,,,,,,,,,,,,477,,0
86,ru_86_2,2,11886.924278986378,49334.3578723041,27.0,25.0,,4T4R LTE Sector Antenna,38.76,0.9,n8,160.19,0.85,9.38,19.9,70.19,2.48,19.12,20,,,,,,,,,,,,,,,,,,,,,,,477,,0
86,ru_86_3,3,11886.924278986378,49334.3578723041,27.0,25.0,,4T4R LTE Sector Antenna,38.76,0.9,n8,333.77,3.16,-2.95,18.46,59.61,1.0,11.18,20,,,,,,,,,,,,,,,,,,,,,,,477,,0
87,ru_87_1,1,5560.260086515091,29344.763899941372,18.0,16.0,,2T4R LTE Sector Antenna,38.76,0.9,n8,350.63,0.8,13.91,14.8,73.12,2.59,1.22,20,,,,,,,,,,,,,,,,,,,,,,,693,,0
87,ru_87_2,2,5560.260086515091,29344.763899941372,18.0,16.0,,2T4R LTE Sector Antenna,38.76,0.9,n8,142.21,-5.48,2.85,3.29,65.0,1.0,15.9,20,,,,,,,,,,,,,,,,,,,,,,,693,,0
87,ru_87_3,3,5560.260086515091,29344.763899941372,18.0,16.0,,2T4R LTE Sector Antenna,38.76,0.9,n8,272.4,-6.17,38.48,30.03,70.12,4.57,23.82,20,,,,,,,,,,,,,,,,,,,,,,,693,,0
88,ru_88_1,1,17697.54047629644,22350.663038776707,27.0,25.0,,2T4R LTE Sector Antenna,38.76,0.9,n8,34.83,33.35,31.58,55.36,71.99,4.7,9.15,20,,,,,,,,,,,,,,,,,,,,,,,725,,0
88,ru_88_2,2,17697.54047629644,22350.663038776707,27.0,25.0,,2T4R LTE Sector Antenna,38.76,0.9,n8,141.38,33.11,20.09,62.13,74.98,3.78,7.79,20,,,,,,,,,,,,,,,,,,,,,,,725,,0
88,ru_88_3,3,17697.54047629644,22350.663038776707,27.0,25.0,,2T4R LTE Sector Antenna,38.76,0.9,n8,301.8,33.26,20.77,68.78,59.48,3.56,6.48,20,,,,,,,,,,,,,,,,,,,,,,,725,,0
89,ru_89_1,1,7958.7320119125925,52781.48274439118,18.0,16.0,,2T4R LTE Sector Antenna,39.11,1.8,n3,16.99,-1.6,33.61,34.89,60.74,1.0,16.61,20,,,,,,,,,,,,,,,,,,,,,,,930,,0
89,ru_89_2,2,7958.7320119125925,52781.48274439118,18.0,16.0,,2T4R LTE Sector Antenna,39.11,1.8,n3,80.09,4.53,31.25,39.14,60.01,1.0,17.43,20,,,,,,,,,,,,,,,,,,,,,,,930,,0
89,ru_89_3,3,7958.7320119125925,52781.48274439118,18.0,16.0,,2T4R LTE Sector Antenna,39.11,1.8,n3,187.07,1.96,20.53,33.93,60.26,1.04,21.35,20,,,,,,,,,,,,,,,,,,,,,,,930,,0
90,ru_90_1,1,5593.591155093385,21966.17776936176,17.0,15.0,,2T4R LTE Sector Antenna,39.11,1.8,n3,32.38,8.56,34.87,26.4,66.65,12.13,22.56,20,,,,,,,,,,,,,,,,,,,,,,,496,,0
90,ru_90_2,2,5593.591155093385,21966.17776936176,17.0,15.0,,2T4R LTE Sector Antenna,39.11,1.8,n3,203.25,10.21,37.04,26.9,74.87,16.82,25.35,20,,,,,,,,,,,,,,,,,,,,,,,496,,0
90,ru_90_3,3,5593.591155093385,21966.17776936176,17.0,15.0,,2T4R LTE Sector Antenna,39.11,1.8,n3,315.46,-1.07,29.93,25.16,74.81,15.57,23.62,20,,,,,,,,,,,,,,,,,,,,,,,496,,0
91,ru_91_1,1,7414.112688143682,31894.215910867068,22.0,20.0,,2T4R LTE Sector Antenna,38.76,0.9,n8,167.11,8.36,-0.68,13.99,65.54,7.08,8.95,20,,,,,,,,,,,,,,,,,,,,,,,729,,1
91,ru_91_2,2,7414.112688143682,31894.215910867068,22.0,20.0,,2T4R LTE Sector Antenna,38.76,0.9,n8,265.09,-2.41,-9.89,3.06,67.78,7.64,15.12,20,,,,,,,,,,,,,,,,,,,,,,,729,,1
91,ru_91_3,3,7414.112688143682,31894.215910867068,22.0,20.0,,2T4R LTE Sector Antenna,38.76,0.9,n8,348.38,0.5,5.73,11.68,72.2,3.29,9.95,20,,,,,,,,,,,,,,,,,,,,,,,729,,1
92,ru_92_1,1,7419.096218167939,31889.581845388147,22.0,20.0,,2T4R LTE Sector Antenna,39.11,1.8,n3,159.09,0.77,-3.39,11.63,73.66,12.48,10.6,20,,,,,,,,,,,,,,,,,,,,,,,492,,1
92,ru_92_2,2,7419.096218167939,31889.581845388147,22.0,20.0,,2T4R LTE Sector Antenna,39.11,1.8,n3,272.07,1.67,7.58,-0.16,59.08,12.3,22.64,20,,,,,,,,,,,,,,,,,,,,,,,492,,1
92,ru_92_3,3,7419.096218167939,31889.581845388147,22.0,20.0,,2T4R LTE Sector Antenna,39.11,1.8,n3,349.69,11.49,-2.54,1.51,65.57,13.89,17.64,20,,,,,,,,,,,,,,,,,,,,,,,492,,1
93,ru_93_1,1,16068.776953108878,51808.27599234949,4.0,2.0,,2T4R LTE Sector Antenna,38.76,0.9,n8,57.23,14.21,7.3,18.24,71.66,14.91,23.49,20,,,,,,,,,,,,,,,,,,,,,,,686,,0
93,ru_93_2,2,16068.776953108878,51808.27599234949,4.0,2.0,,2T4R LTE Sector Antenna,38.76,0.9,n8,186.26,0.05,1.41,7.29,61.06,5.69,12.34,20,,,,,,,,,,,,,,,,,,,,,,,686,,0
93,ru_93_3,3,16068.776953108878,51808.27599234949,4.0,2.0,,2T4R LTE Sector Antenna,38.76,0.9,n8,296.37,6.84,-0.79,20.27,63.8,12.34,14.75,20,,,,,,,,,,,,,,,,,,,,,,,686,,0
94,ru_94_1,1,2346.0181467845127,56542.253760356354,4.0,2.0,,2T4R LTE Sector Antenna,40.87,1.8,n3,85.98,6.03,35.5,24.8,74.71,13.13,15.24,20,,,,,,,,,,,,,,,,,,,,,,,349,,0
94,ru_94_2,2,2346.0181467845127,56542.253760356354,4.0,2.0,,2T4R LTE Sector Antenna,40.87,1.8,n3,182.01,11.06,29.93,35.55,74.7,3.17,7.65,20,,,,,,,,,,,,,,,,,,,,,,,349,,0
95,ru_95_1,1,16358.858768646836,18256.708608348497,4.0,2.0,,2T4R LTE Sector Antenna,38.76,0.9,n8,39.33,5.2,3.73,12.29,73.12,15.58,8.73,20,,,,,,,,,,,,,,,,,,,,,,,422,,1
95,ru_95_2,2,16358.858768646836,18256.708608348497,4.0,2.0,,2T4R LTE Sector Antenna,38.76,0.9,n8,168.28,-0.9,15.31,4.71,70.97,1.0,14.55,20,,,,,,,,,,,,,,,,,,,,,,,422,,1
95,ru_95_3,3,16358.858768646836,18256.708608348497,4.0,2.0,,2T4R LTE Sector Antenna,38.76,0.9,n8,276.35,5.51,12.27,1.52,60.38,16.89,5.35,20,,,,,,,,,,,,,,,,,,,,,,,422,,1
96,ru_96_1,1,16371.428042792215,18262.04858146487,4.0,2.0,,2T4R LTE Sector Antenna,39.65,2.1,n1,36.56,0.41,11.11,17.29,61.42,12.4,22.63,20,,,,,,,,,,,,,,,,,,,,,,,343,,1
96,ru_96_2,2,16371.428042792215,18262.04858146487,4.0,2.0,,2T4R LTE Sector Antenna,39.65,2.1,n1,160.6,13.52,-2.25,3.29,65.95,1.0,6.48,20,,,,,,,,,,,,,,,,,,,,,,,343,,1
96,ru_96_3,3,16371.428042792215,18262.04858146487,4.0,2.0,,2T4R LTE Sector Antenna,39.65,2.1,n1,276.93,1.99,5.89,6.6,66.22,10.12,7.96,20,,,,,,,,,,,,,,,,,,,,,,,343,,1
97,ru_97_1,1,4942.203671988962,52216.17271736584,9.0,7.0,,2T4R LTE Sector Antenna,39.11,1.8,n3,50.38,11.71,37.56,36.65,65.11,1.0,20.81,20,,,,,,,,,,,,,,,,,,,,,,,693,,0
97,ru_97_2,2,4942.203671988962,52216.17271736584,9.0,7.0,,2T4R LTE Sector Antenna,39.11,1.8,n3,143.31,-1.54,27.49,33.06,67.73,12.4,7.44,20,,,,,,,,,,,,,,,,,,,,,,,693,,0
97,ru_97_3,3,4942.203671988962,52216.17271736584,9.0,7.0,,2T4R LTE Sector Antenna,39.11,1.8,n3,344.5,6.0,22.02,43.52,63.17,12.98,23.51,20,,,,,,,,,,,,,,,,,,,,,,,693,,0
98,ru_98_1,1,6699.183872084268,36503.05842163359,18.0,16.0,,2T4R LTE Sector Antenna,39.65,2.1,n1,64.16,11.5,6.22,9.44,69.98,9.05,21.51,20,,,,,,,,,,,,,,,,,,,,,,,522,,1
98,ru_98_2,2,6699.183872084268,36503.05842163359,18.0,16.0,,2T4R LTE Sector Antenna,39.65,2.1,n1,164.77,6.2,-0.36,1.57,61.67,14.14,8.37,20,,,,,,,,,,,,,,,,,,,,,,,522,,1
98,ru_98_3,3,6699.183872084268,36503.05842163359,18.0,16.0,,2T4R LTE Sector Antenna,39.65,2.1,n1,236.34,4.88,1.29,12.7,61.61,1.0,20.84,20,,,,,,,,,,,,,,,,,,,,,,,522,,1
99,ru_99_1,1,11635.226474679965,55179.271324948,5.0,3.0,,2T4R LTE Sector Antenna,44.74,1.8,n3,67.8,38.72,39.64,54.26,92.54,65.52,9.63,30,,,,,,,,,,,,,,,,,,,,,,,761,,0
100,ru_100_1,1,16729.441443589687,17686.604615180928,27.0,25.0,,2T4R LTE Sector Antenna,40.87,1.8,n3,201.88,10.08,32.14,23.09,58.77,5.28,22.65,20,,,,,,,,,,,,,,,,,,,,,,,878,,1
100,ru_100_2,2,16729.441443589687,17686.604615180928,27.0,25.0,,2T4R LTE Sector Antenna,40.87,1.8,n3,132.52,0.44,28.5,35.42,72.01,1.0,24.06,20,,,,,,,,,,,,,,,,,,,,,,,878,,1
